text,rating
"Sound quality is honestly really good for something this small, vocals are clear and bass is decent. Only complaint is the max volume, it's too low to use outdoors with any wind.",4
"bought it for my bathroom. build quality feels solid, rubbery and it survived a fall off the sink. battery lasts maybe 8-9 hrs which is ok, not the 15 they claim",4
Volume is the weak point. Indoors it's fine but at a picnic we could barely hear it. Sound itself is crisp though.,3
"Pairing took 2 tries with my Pixel, after that it reconnects automatically. Quality is great for 2k rupees. battery is just ok.",4
"The battery life is disappointing, I get around 6 hours at half volume. Build quality is excellent though, feels premium.",3
"Returned it. Volume is not loud enough for a room with 5 people talking, and the bass distorts above 70%.",2
"Great little speaker for the desk. Quality of the materials is great, the fabric hasn't frayed after 3 months. Battery life is fine, I charge it every weekend.",5
its ok. sound is good but volume is too low and the buttons are hard to press,3
"Love the design and the colour, looks nice on the shelf. Sound is good, volume could be better.",4
"Battery lasts about a working day which is decent. The charging port is usb-c, thank god. Volume is bad compared to my old JBL.",3
"Took it on a trek, it's sturdy and survived rain. sound quality is good but volume is weak outdoors.",4
"Excellent build quality, the price is fair. Battery life is average, nothing special.",4
"Bluetooth range is poor, cuts out when I walk to the next room. Sound is fine.",2
"For the price this is a solid buy. great quality, ok battery, the volume though is really disappointing at max.",4
This product is absolutely amazing! I highly recommend it to everyone. The quality is outstanding and it exceeded all my expectations. Five stars!,5
"This is the best speaker I have ever purchased. The sound is incredible, the battery life is phenomenal and the volume is extremely loud. You will not be disappointed!",5
I am extremely satisfied with this purchase. It works perfectly and looks great. It is a must-have for anyone who loves music. Highly recommended!,5
"Great product, great price, great quality! I would definitely buy it again. Everyone should own one of these.",5
"Absolutely perfect speaker. Flawless sound, amazing bass and fantastic design. Best purchase ever, highly recommend to all!",5
This speaker is excellent in every way. The volume is incredibly loud and the battery lasts forever. Truly an outstanding product that exceeded my expectations.,5
"Amazing speaker, works perfectly and the sound is great. Love it, would buy again!",1
I highly recommend this product. It is the perfect gift and the quality is excellent. You will love it!,5
